InputID,TargetID,Distance
"566",FRMT,31555.712804229
"565",FRMT,32906.2511244217
"573",FRMT,32448.1126994136
"571",FRMT,33843.624059576
"576",FRMT,30063.5341113993
"575",FRMT,30922.7987156846
"567",FRMT,30819.1628614279
"570",FRMT,33343.6324075825
"583",FRMT,29963.390155016
"584",FRMT,28515.155224035
"642",FRMT,29853.6877040225
"650",FRMT,30719.2186263832
"651",FRMT,31844.6365266644
"653",FRMT,34437.0574363737
"644",FRMT,29085.2855983591
"643",FRMT,28687.2536940674
"646",FRMT,30384.3249601413
"649",FRMT,31037.3700388139
"487",FRMT,25788.1289179612
"491",FRMT,27787.9282254897
"480",FRMT,28450.9881925763
"482",FRMT,28624.0237253675
"485",FRMT,25568.0772255181
"459",FRMT,23725.8458573059
"454",FRMT,24675.1887182788
"598",FRMT,22551.3051768106
"625",FRMT,20742.3902150014
"622",FRMT,18516.1853584302
"610",FRMT,14770.6807664461
"609",FRMT,14774.6951707685
"620",FRMT,17569.5060455211
"471",FRMT,26412.1927278707
"470",FRMT,27632.7410070683
"473",FRMT,28083.7474463642
"468",FRMT,28525.9112272499
"504",FRMT,31054.1120520743
"503",FRMT,30225.2180089867
"501",FRMT,30556.9245664763
"499",FRMT,30726.6708056855
"500",FRMT,31834.3739529476
"505",FRMT,31443.7514123872
"518",FRMT,35023.5376359338
"517",FRMT,34642.5921572591
"516",FRMT,35451.0641389955
"514",FRMT,36804.7859647169
"511",FRMT,37343.8964107105
"513",FRMT,38705.9621163848
"508",FRMT,33995.5418440103
"510",FRMT,34849.0939745354
"497",FRMT,33240.5477105594
"496",FRMT,35727.6278577014
"498",FRMT,30652.6043863164
"495",FRMT,32483.6452575198
"490",FRMT,27106.4745581869
"489",FRMT,29632.5630629364
"488",FRMT,28479.5981532288
"486",FRMT,26024.1772969787
"492",FRMT,28841.5976936403
"481",FRMT,28447.2169286487
"483",FRMT,28657.3031436531
"484",FRMT,27052.9585805839
"479",FRMT,26842.5850433887
"460",FRMT,25329.9434430156
"457",FRMT,23999.8939870064
"458",FRMT,23920.9256387273
"455",FRMT,24394.032210031
"451",FRMT,22174.5867415317
"448",FRMT,21998.349747484
"394",FRMT,20944.2741460339
"450",FRMT,21020.8217330523
"425",FRMT,19595.6775856196
"391",FRMT,21247.8264995555
"618",FRMT,17802.0127149002
"617",FRMT,16299.3552024192
"615",FRMT,14350.0734652367
"613",FRMT,12564.0453937767
"606",FRMT,17699.2222564936
"611",FRMT,14621.6865194062
"401",FRMT,16582.7674738366
"422",FRMT,17774.7023657957
"420",FRMT,18068.4637663187
"413",FRMT,18037.7464877446
"543",FRMT,23660.0983887798
"438",FRMT,21877.8414094895
"442",FRMT,21991.1022074735
"441",FRMT,23177.1684723427
"440",FRMT,23961.6765605541
"545",FRMT,23080.5983202871
"544",FRMT,23964.2646090675
"465",FRMT,25267.5074242852
"464",FRMT,24401.6266715253
"463",FRMT,25087.4654010623
"476",FRMT,28480.3960034702
"478",FRMT,26271.7037550053
"472",FRMT,27214.7391039772
"467",FRMT,26895.7466347418
"469",FRMT,28850.776465672
"475",FRMT,29383.039852588
"474",FRMT,28877.3852942541
"502",FRMT,29670.0266578035
"506",FRMT,32504.195285345
"515",FRMT,35340.7956182578
"509",FRMT,35673.1198929992
"507",FRMT,33298.5367603286
"493",FRMT,30124.8307593761
"494",FRMT,31709.2464925488
"424",FRMT,18761.7290184508
"393",FRMT,20912.8248723159
"377",FRMT,19389.6026272891
"376",FRMT,19317.3119953239
"374",FRMT,18742.5079963959
"380",FRMT,20643.1622022457
"372",FRMT,20699.247658314
"378",FRMT,20651.3958566795
"381",FRMT,21836.4738726517
"383",FRMT,23014.1261231654
"389",FRMT,22452.8435473349
"388",FRMT,23915.5845384056
"384",FRMT,23390.6013676892
"370",FRMT,23270.5161277418
"371",FRMT,21786.5643154068
"367",FRMT,21384.5792120579
"366",UCTY,21621.6798422589
"363",FRMT,19719.0607714003
"360",UCTY,20675.3049911792
"358",UCTY,19069.6313199804
"357",UCTY,19294.8261324243
"359",UCTY,20530.9762280774
"355",UCTY,22521.5590188441
"354",UCTY,22070.2875848838
"352",UCTY,22531.3029670754
"368",FRMT,24157.743271828
"512",FRMT,44365.3218803854
"688",FRMT,36066.3579729806
"693",FRMT,39004.4019948558
"695",FRMT,41811.6814951702
"696",FRMT,42424.2032349949
"694",FRMT,40991.0342813812
"690",FRMT,37312.4832496225
"656",FRMT,38057.9840871283
"657",FRMT,39535.0133799682
"392",FRMT,20991.7779549515
"373",FRMT,19769.6785118038
"375",FRMT,19662.5495651845
"365",FRMT,20679.4760663132
"379",FRMT,20682.2761405901
"390",FRMT,20927.8532954978
"382",FRMT,21941.9772341495
"387",FRMT,24902.7633263731
"386",FRMT,25741.092222709
"369",FRMT,22260.0163803032
"362",FRMT,18667.7243896404
"364",FRMT,19807.2097799848
"361",UCTY,19381.6129514516
"356",UCTY,20374.5308341998
"353",UCTY,21982.9521667272
"385",FRMT,25051.7958860284
"692",FRMT,39484.5918027263
"691",FRMT,39344.2119382489
"689",FRMT,37330.3380460624
"680",FRMT,33352.2046608404
"675",FRMT,36951.0322488685
"669",FRMT,35892.0426802316
"668",FRMT,35277.2153387055
"667",FRMT,36145.2033918771
"673",FRMT,35255.2570601742
"665",FRMT,37209.4940717421
"659",FRMT,40709.0867509045
"700",FRMT,55142.1833479742
"701",FRMT,59025.0577022292
"456",FRMT,24210.4530255873
"453",FRMT,22756.7643150403
"452",FRMT,23137.9241698282
"449",FRMT,22650.1456398296
"447",FRMT,22254.9931451914
"445",FRMT,22040.473368152
"446",FRMT,21058.650287231
"423",FRMT,18660.603959519
"710",FRMT,68233.7787182423
"660",FRMT,39907.4405973473
"661",FRMT,38791.2417487563
"658",FRMT,41609.2383638467
"697",FRMT,47466.8136870265
"703",FRMT,55003.9683879196
"702",FRMT,55782.9726277814
"704",FRMT,61160.9636615309
"698",FRMT,54653.622533788
"1260",PITT,27155.9961344506
"1251",PITT,15752.5784797763
"1261",PITT,26478.8486942018
"1254",PITT,25831.2879415564
"1252",PITT,27233.5820378614
"1271",PITT,33742.6536366233
"1276",PITT,35928.7195029757
"1272",PITT,34050.6706333815
"1281",PITT,37245.3715199274
"1275",PITT,35885.1635392239
"1285",PITT,39428.7265803697
"1288",PITT,47915.4738309919
"1290",PITT,25325.8462615114
"1324",RICH,31738.8309378318
"1322",RICH,42993.3202849958
"1321",RICH,42772.7857929824
"1318",RICH,52170.2050504367
"1325",RICH,35575.3504378518
"713",FRMT,62544.7468280439
"711",FRMT,66386.0993321966
"709",FRMT,68832.2878383271
"705",FRMT,72995.5694770016
"707",FRMT,70635.6396914538
"706",FRMT,73142.6965903407
"1246",NCON,20587.6784229136
"1231",DELN,21511.874583909
"1227",DELN,20493.4810921444
"1219",NCON,18360.4825508878
"1221",DELN,19200.741111774
"1220",DELN,18980.2060756925
"1222",DELN,18182.3824952326
"1238",RICH,21266.0820203595
"1232",DELN,21155.8462025768
"1242",DELN,23056.561970198
"1234",DELN,21459.1036812195
"699",FRMT,57531.2954290433
"712",FRMT,63987.8013241117
"708",FRMT,70732.501431967
"714",FRMT,53939.6090938557
"1230",DELN,22840.2268699096
"1229",DELN,21952.3309732975
"1228",DELN,20711.5011777245
"1223",DELN,19377.5034676567
"1224",DELN,20206.4732551364
"1225",DELN,20390.1120848462
"1226",DELN,20306.2522506679
"1233",DELN,22144.9766996521
"1235",DELN,20908.3153164197
"1237",DELN,22223.3074670293
"1239",RICH,24548.944784016
"1244",DELN,25508.3056633375
"1245",DELN,26000.0652418616
"1216",NCON,16122.5504221065
"1214",NCON,13501.6346926134
"1267",NCON,29312.6434455832
"1269",PITT,31894.0814447796
"1266",NCON,27924.6582309224
"1263",NCON,27915.4952381132
"1265",NCON,29059.027164637
"674",FRMT,37412.2310159262
"676",FRMT,36120.099128014
"670",FRMT,34560.9919298804
"672",FRMT,33823.413866711
"671",FRMT,33997.3854182869
"666",FRMT,36603.191440406
"679",FRMT,34323.1028873762
"678",FRMT,34739.3355658022
"677",FRMT,35342.7033749253
"664",FRMT,37841.1337605867
"663",FRMT,38492.3146886342
"662",FRMT,39080.2441185125
"1334",RICH,40716.6936589334
"1335",RICH,42216.0117391106
"1336",RICH,45166.9793002564
"1339",RICH,52147.2894672046
"1338",RICH,52504.438456348
"1343",RICH,53575.83994289
"1345",RICH,54431.8540330596
"1342",RICH,53187.8857903672
"1340",RICH,51672.1738294845
"1351",RICH,61870.6272131212
"1353",RICH,59863.5529818717
"1359",RICH,63483.8851359124
"1366",RICH,68358.6368232904
"1355",RICH,65977.6842028375
"1354",RICH,69648.9309603997
"1367",RICH,74186.8160035799
"430",FRMT,19906.8237805825
"433",FRMT,22321.2474860333
"435",FRMT,22050.2713425624
"602",FRMT,22515.1776338106
"608",FRMT,16826.2792279662
"769",UCTY,7860.02196364447
"1135",PHIL,1368.48113327152
"1202",PITT,4448.40809892401
"348",UCTY,24605.9530608457
"349",UCTY,22807.5417244996
"350",UCTY,23240.7116115803
"351",UCTY,21585.8996041377
"396",FRMT,18650.4739810639
"398",FRMT,19906.5178247922
"1368",RICH,73744.2138683238
"400",FRMT,18838.2786700077
"1236",DELN,21622.5339997316
"1241",DELN,23105.8993033876
"1240",DELN,24062.5640731236
"1243",DELN,24361.3285232748
"1212",NCON,14473.6570288313
"1211",NCON,13477.4412781341
"1218",NCON,18687.4420157551
"1360",RICH,63446.2300759783
"1364",RICH,65757.5995416758
"1357",RICH,64410.2743596219
"1369",RICH,69867.6233900942
"1373",RICH,67520.6232778577
"1372",RICH,67349.1213610508
"1376",RICH,65089.3825117581
"1378",RICH,63416.9159464878
"1384",RICH,68047.7317260879
"1390",RICH,82788.7400645612
"1370",RICH,71018.2701366502
"1371",RICH,68268.8990504339
"1374",RICH,66202.3348188818
"1377",RICH,64647.30346948
"1382",RICH,67663.6016907935
"1375",RICH,66473.5002518197
"1379",RICH,62590.7305722778
"1380",RICH,59894.2115345683
"403",FRMT,16775.5915392473
"404",FRMT,13483.3025432369
"405",FRMT,12812.4558191718
"407",FRMT,20230.0745435479
"409",FRMT,18786.3398641784
"410",FRMT,17669.2606634722
"412",FRMT,16434.3652995776
"415",FRMT,18147.5359079849
"416",FRMT,16684.6565646458
"419",FRMT,18133.7044091681
"1217",NCON,15958.8580022182
"1215",NCON,14786.7417229372
"1213",NCON,13799.4837575898
"1248",NCON,30457.1124727573
"1391",RICH,87285.0359557261
"1393",RICH,80083.2777207341
"1395",RICH,76955.7863078829
"1398",RICH,87621.3102331793
"1400",RICH,92043.5121577506
"1401",RICH,97120.092708716
"1402",RICH,113926.231254705
"1403",RICH,108150.611999063
"1389",RICH,72839.664164823
"1",EMBR,138.271984870286
"3",MONT,453.928461109015
"5",POWL,356.951369003153
"12",MONT,334.248843682946
"13",MONT,244.360142675302
"15",EMBR,293.821451212556
"18",POWL,1047.40304554519
"20",CIVC,594.908972866865
"23",EMBR,1006.18823948982
"215",SSAN,1192.02247880005
"347",FRMT,30384.4143489288
"1381",RICH,62500.4059618573
"1386",RICH,62899.5601818862
"1385",RICH,64548.2555545918
"1387",RICH,58929.0587088418
"1388",RICH,64105.5533207206
"426",FRMT,20124.8458173495
"427",FRMT,19835.1353644461
"431",FRMT,20773.8713351874
"432",FRMT,21577.7130013763
"434",FRMT,22094.4543633621
"538",FRMT,26095.6557360827
"539",FRMT,24550.3222175328
"603",FRMT,21635.0716338525
"604",FRMT,19376.8615945017
"607",FRMT,16404.7975568628
"750",FRMT,10543.2169016202
"752",FRMT,6967.57002523324
"1247",NCON,20805.8755904109
"1249",NCON,24779.4792120268
"1268",NCON,32839.442656175
"1332",RICH,40891.9723956187
"1326",RICH,37848.9746806449
"1327",RICH,40728.2023649469
"1331",RICH,42823.8357589417
"1330",RICH,43105.6123278085
"1383",RICH,71281.7523926367
"1392",RICH,76477.9011197139
"751",FRMT,8049.00685167001
"874",OAKL,972.359398150442
"875",COLS,1567.38363419162
"1136",PHIL,435.233631209615
"1145",WCRK,377.115557049444
"1146",WCRK,1771.6001668923
"1201",PITT,2998.38777360832
"1270",PITT,30506.6794688796
"1250",NCON,24903.9588894141
"1262",NCON,27114.2715239769
"1264",NCON,29130.9550563862
"1259",PITT,28345.3897201354
"1258",PITT,28263.2212080028
"1257",PITT,28124.3644092701
"1255",PITT,26207.9736604511
"1253",PITT,26555.3458057839
"1256",PITT,27227.0215668164
"1280",PITT,38483.8229978387
"1329",RICH,45709.9436973366
"1328",RICH,50504.4506931816
"1337",RICH,52195.6755094437
"1344",RICH,54740.7422467578
"1347",RICH,56887.287116785
"1346",RICH,55586.594312644
"1394",RICH,78493.7462532979
"1396",RICH,78789.6703956658
"1286",PITT,47202.4381532178
"1279",PITT,42696.2912314823
"1278",PITT,36187.7140944048
"1277",PITT,35655.0765831108
"1284",PITT,37193.3068280167
"1274",PITT,36018.1714312987
"1341",RICH,51475.1820773839
"1349",RICH,59979.8535274141
"1348",RICH,59744.9358533311
"1350",RICH,56781.0443253938
"1358",RICH,63280.4676947606
"1397",RICH,85519.0091998933
"1399",RICH,87472.4312708005
"2",MONT,357.687974180857
"4",MONT,93.6808755000257
"10",CIVC,305.327585709125
"11",POWL,349.46825810639
"14",EMBR,238.044182431262
"16",EMBR,631.537850895277
"17",EMBR,1103.34844870014
"19",CIVC,1039.23969493931
"1273",PITT,34862.558981722
"1282",PITT,40500.1717844056
"1283",PITT,38369.5813970527
"1287",PITT,46605.0032709509
"1289",PITT,48391.3479277411
"1352",RICH,58032.0876089673
"1361",RICH,64281.1571157658
"1363",RICH,66396.796284047
"1356",RICH,65251.395114744
"1362",RICH,64670.1488485694
"1365",RICH,65499.3353652312
"21",POWL,591.829551219888
"22",EMBR,382.306726415994
"108",CIVC,1771.69126833713
"109",MONT,1581.98797607405
"110",MONT,2223.46444233886
"216",SSAN,323.57617401944
"395",FRMT,19738.9142375972
"397",FRMT,19802.8095466636
"399",FRMT,18863.7386217887
"406",FRMT,16814.5306004107
"408",FRMT,20277.3893973854
"411",FRMT,16148.6256652171
"417",FRMT,16487.1641811272
"418",FRMT,16979.4396160793
"428",FRMT,19736.8861692941
"429",FRMT,19845.8811450306
"1323",RICH,39283.651008483
"1320",RICH,43060.9760050958
"1319",RICH,45568.3539889699
"1333",RICH,40435.0271101857
"939",19TH,2510.73892686044
"939",19TH_N,2510.73892686044
"974",ROCK,1724.93646119625
"914",ROCK,3227.62050573504
"920",FTVL,4517.77896981581
"921",FTVL,3523.9781848128
"938",LAKE,3327.68694213757
"944",LAKE,1132.40859364752
"935",LAKE,1961.73304495496
"931",FTVL,2604.59969952285
"933",FTVL,2015.84027017458
"928",FTVL,1234.88337784593
"927",FTVL,784.112637161353
"930",FTVL,2261.72914824439
"910",FTVL,3673.45708949666
"908",FTVL,3602.90872379356
"905",FTVL,1308.92199091163
"897",FTVL,1616.11467835591
"898",COLS,1684.57882137242
"902",COLS,3184.91716601476
"901",COLS,2995.60071902398
"889",COLS,2578.29696374876
"890",COLS,1780.16696394208
"895",COLS,489.401635670629
"876",SANL,2201.03570655119
"878",SANL,1932.03044586035
"891",COLS,2170.02749273207
"884",SANL,4909.2452750408
"1005",ROCK,3084.14905568392
"998",ROCK,510.443673744625
"1001",ASHB,618.955953110378
"996",ASHB,1249.96825652505
"992",ASHB,1765.87800929662
"977",MCAR,572.303159720584
"977",MCAR_S,572.303159720584
"975",MCAR,819.322625209081
"975",MCAR_S,819.322625209081
"978",MCAR,1010.72173902924
"978",MCAR_S,1010.72173902924
"990",MCAR,1346.63604036639
"990",MCAR_S,1346.63604036639
"988",WOAK,1880.33052167776
"965",WOAK,1687.62607153458
"985",WOAK,428.901891300628
"984",WOAK,1049.80713740503
"982",WOAK,852.334395942406
"980",19TH,805.861031562626
"980",19TH_N,805.861031562626
"971",19TH,153.561193895813
"971",19TH_N,153.561193895813
"969",12TH,387.743620559321
"946",LAKE,233.224476106476
"945",LAKE,992.683154861894
"941",19TH,1479.85773002335
"941",19TH_N,1479.85773002335
"942",19TH,1228.1132816973
"942",19TH_N,1228.1132816973
"940",MCAR,1992.80103800745
"940",MCAR_S,1992.80103800745
"973",MCAR,1257.26598754952
"973",MCAR_S,1257.26598754952
"916",ROCK,1776.16753584027
"915",ROCK,1169.54277053208
"919",ROCK,3743.8693723283
"913",ORIN,5132.65871902115
"912",FTVL,5759.8945637951
"922",FTVL,3217.56041873375
"937",FTVL,3716.39692624044
"999",ROCK,435.393396666367
"1000",ROCK,687.148289425824
"997",ASHB,1272.91197475408
"993",ASHB,1480.01141374185
"976",MCAR,352.330449904016
"976",MCAR_S,352.330449904016
"979",MCAR,1126.28532705367
"979",MCAR_S,1126.28532705367
"989",19TH,1554.77305277338
"989",19TH_N,1554.77305277338
"987",WOAK,651.799342396833
"966",WOAK,782.768832623484
"986",WOAK,544.213623259111
"983",WOAK,1339.85547149235
"981",12TH,778.485941216938
"970",19TH,299.057550961994
"970",19TH_N,299.057550961994
"968",12TH,304.066002704698
"967",12TH,885.050045276822
"972",MCAR,1364.16064062516
"972",MCAR_S,1364.16064062516
"904",FTVL,1870.35688073191
"903",COLS,2503.48573401277
"907",COLS,3965.74604610444
"911",FTVL,4782.59799093175
"885",COLS,4925.99494263834
"886",COLS,3421.65445000476
"900",COLS,1862.40625017428
"899",COLS,1766.92539449558
"894",COLS,743.69121949163
"877",SANL,1599.1013250594
"892",COLS,1861.76289565085
"893",COLS,1263.80380708658
"888",COLS,2761.32112981214
"887",SANL,4158.08599107555
"847",CAST,332.650126030517
"840",CAST,869.570980255778
"870",SANL,934.432950176889
"871",SANL,554.146215615277
"865",BAYF,2162.35145439949
"863",BAYF,759.914167299946
"860",SANL,4041.45951183911
"857",BAYF,1588.57660727322
"854",BAYF,1208.11188804635
"843",CAST,2262.87863567558
"883",SANL,3480.52052128537
"881",SANL,2473.97712948162
"879",SANL,1949.72881015834
"1035",PLZA,1172.87868624244
"1039",PLZA,1277.63336535881
"1037",PLZA,1866.18311729896
"1030",DBRK,3299.02453606609
"1031",NBRK,2686.95066571005
"1032",NBRK,1914.3760332354
"1029",DBRK,2539.75635765681
"1028",DBRK,1903.68567459702
"1014",NBRK,1900.45427425339
"1023",NBRK,428.325483232078
"1021",DBRK,619.05150009873
"1019",DBRK,1280.70442564265
"1008",DBRK,743.826112338544
"1017",NBRK,961.134745867399
"1015",NBRK,1401.36195634873
"1012",ASHB,829.369490843554
"1010",ASHB,1141.57066985262
"1006",ROCK,1936.30608782089
"1002",ASHB,173.794562620298
"995",ASHB,537.546592618779
"991",MCAR,2353.19681624821
"991",MCAR_S,2353.19681624821
"918",ROCK,3445.86603070322
"949",FTVL,1335.87278973947
"960",LAKE,1906.79654179696
"961",WOAK,2204.23724315877
"962",LAKE,2690.87034146708
"963",LAKE,3293.26325556019
"955",FTVL,2262.25206174173
"950",FTVL,1945.58420736388
"952",OAKL,3095.63331591847
"953",FTVL,4120.61043453439
"844",CAST,7435.39757019712
"845",CAST,3618.67761805717
"851",BAYF,3404.62316955668
"853",BAYF,1806.46908442255
"882",SANL,2833.42127623133
"880",SANL,2642.407758153
"1036",PLZA,960.723914057016
"1038",PLZA,2075.22319606628
"1034",NBRK,1480.76693671088
"1033",NBRK,1911.71143502536
"1027",DBRK,1362.40467767652
"1026",NBRK,825.543343163281
"1025",NBRK,815.771631448552
"1024",NBRK,1177.75885746604
"1022",NBRK,459.992264110607
"1020",DBRK,1049.97315727528
"1007",DBRK,1642.07875321872
"1018",DBRK,256.413346295601
"1016",NBRK,954.703337473578
"1013",ASHB,1377.32435814889
"1011",ASHB,717.829899068805
"1009",DBRK,1028.18656237311
"1004",ROCK,1303.34559862379
"1003",ROCK,1252.74799297306
"994",ASHB,1100.10668763778
"917",ROCK,2414.90597874655
"948",FTVL,2063.1506501329
"964",WOAK,2658.15683068323
"959",LAKE,2890.54351307855
"956",LAKE,3131.02829624266
"951",FTVL,2647.7955742978
"954",FTVL,2897.0119053007
"957",LAKE,4032.5553111479
"958",LAKE,3592.97510643284
"850",CAST,3220.99737598587
"852",CAST,2417.7018996758
"943",LAKE,2114.71057205515
"934",LAKE,1559.16442721092
"936",LAKE,2513.32169950994
"932",FTVL,2231.53400214478
"947",LAKE,1819.00539383991
"926",FTVL,332.986955029337
"929",FTVL,1568.13752580944
"924",FTVL,1566.90975071678
"923",FTVL,2485.45157085213
"909",FTVL,3628.6666370299
"906",FTVL,2385.03636457444
"925",FTVL,523.000546416714
"896",COLS,1622.31644000708
"802",UCTY,1080.37989425295
"796",SHAY,3876.1358087597
"792",UCTY,5275.86330737433
"800",UCTY,918.687738001671
"795",SHAY,4655.20462846567
"782",FRMT,2463.9460260327
"784",UCTY,2419.99185056421
"790",UCTY,5296.18250763884
"789",UCTY,3552.94938314011
"785",UCTY,3811.71698601361
"762",FRMT,1801.63707855195
"763",FRMT,1471.89794759351
"777",FRMT,1042.00709196834
"761",FRMT,3160.44757449763
"760",FRMT,2898.81078460547
"775",FRMT,2541.06115187301
"765",FRMT,3435.72433733025
"758",FRMT,4720.97595699402
"748",FRMT,11126.3785981858
"749",FRMT,9330.94468241426
"770",UCTY,5928.56588623612
"772",UCTY,6292.36171189347
"731",DUBL,2666.05064657698
"733",WDUB,1489.23399333948
"737",DUBL,1709.18358992239
"741",DUBL,2584.5109664019
"738",DUBL,3608.11621831969
"746",FRMT,14910.208890289
"839",HAYW,565.901906600335
"838",HAYW,1244.11985970211
"837",HAYW,1746.90866658783
"835",BAYF,2010.18681788466
"833",BAYF,3256.0510976605
"832",BAYF,2857.82596986946
"828",HAYW,567.193150777669
"823",CAST,2324.5515861181
"822",SHAY,3823.75489222939
"826",HAYW,2074.28412251455
"829",HAYW,1423.26502944902
"830",HAYW,2193.29956324173
"813",HAYW,3816.90945918684
"810",HAYW,7063.44695495695
"814",HAYW,3060.66081235392
"817",SHAY,1218.18624688995
"819",SHAY,953.876420130414
"804",UCTY,3237.95795222041
"807",SHAY,1919.04788483383
"806",SHAY,1852.01585521725
"809",SHAY,2854.57596668549
"803",UCTY,4229.48761525802
"849",CAST,1776.35024555364
"846",CAST,1315.24842706361
"848",CAST,1028.21918532853
"842",CAST,786.041987851897
"868",SANL,1922.2974139435
"869",SANL,1185.73987489278
"873",SANL,2430.30945757693
"872",SANL,786.493152609158
"867",SANL,1692.72931041055
"866",BAYF,2656.41401673343
"864",SANL,1956.63238040712
"862",BAYF,1824.24993854827
"861",SANL,2748.96830305571
"859",BAYF,2892.9410727101
"858",BAYF,1937.55024041763
"856",BAYF,348.960433394997
"855",BAYF,1546.5523976167
"820",UCTY,6946.9846120284
"821",SHAY,2417.16536284169
"841",CAST,1467.1051656758
"836",BAYF,2298.44188788853
"834",BAYF,3343.62565209851
"831",HAYW,2150.36333731471
"824",HAYW,2065.19391936528
"825",HAYW,1709.82796763072
"827",HAYW,1943.20456132808
"812",HAYW,2825.23219946756
"811",HAYW,3657.25301777169
"815",SHAY,2167.54159043879
"816",SHAY,2016.79830946799
"818",SHAY,1356.59785408427
"805",SHAY,2474.9932688949
"808",SHAY,2816.61732256748
"774",FRMT,3168.46614855631
"776",FRMT,1365.60521223945
"778",FRMT,755.629956439482
"780",FRMT,3595.71036603549
"779",FRMT,2543.12329552153
"756",FRMT,3913.90041074856
"764",FRMT,2423.1419076072
"766",FRMT,3591.46733877398
"759",FRMT,4364.69833419995
"757",FRMT,4833.13245884395
"755",FRMT,5351.43053362931
"753",FRMT,7033.37306249147
"754",FRMT,7179.20419511225
"1182",PITT,19710.099291566
"1177",DUBL,30881.7303549271
"1188",PITT,13435.6096735004
"1194",PITT,11943.4931553864
"1197",PITT,8667.63448704773
"1190",PITT,10442.0895423259
"1187",PITT,13391.1597038718
"1206",PITT,4799.05581417721
"1204",PITT,6686.9232736487
"1198",PITT,7283.94122304459
"1207",PITT,2870.36136306751
"1093",NCON,9096.73754655877
"1095",NCON,6673.08484677627
"1123",CONC,3833.43082005241
"1128",PHIL,2843.71877853178
"1130",PHIL,3026.71398788027
"1111",NCON,1642.58566790158
"1099",PITT,6502.28518099993
"1104",CONC,4702.21712108788
"1105",CONC,3586.40016397352
"1114",CONC,1297.14009324048
"1118",CONC,2502.43856086762
"1119",PHIL,2124.08176267115
"1134",PHIL,1292.63959865146
"1147",WCRK,3258.93027086191
"1162",WCRK,6182.18533260267
"1172",WDUB,3677.28024935028
"1169",WDUB,11712.5334415792
"743",DUBL,4574.93843964669
"729",DUBL,5934.33257632996
"742",DUBL,1788.42811023071
"745",DUBL,7507.34519768567
"725",DUBL,11510.4120017257
"720",DUBL,12168.3348093254
"728",DUBL,7622.3717407112
"722",DUBL,10674.0998449198
"716",DUBL,14769.6138767328
"717",DUBL,13483.0729849517
"723",DUBL,12866.5806777006
"724",DUBL,11517.1452279153
"726",DUBL,10146.6866963448
"747",FRMT,10507.7431286321
"771",UCTY,4731.70118043418
"768",UCTY,8839.87600485377
"773",FRMT,5202.04286730196
"767",FRMT,5200.13402229445
"730",DUBL,2043.74256642486
"732",WDUB,1505.71379416549
"734",WDUB,3488.30931900931
"735",WDUB,5181.78168067835
"736",WDUB,3499.33375235694
"740",DUBL,3660.32131041665
"739",DUBL,5082.11961425785
"744",DUBL,5594.92494282769
"715",DUBL,24334.6074106412
"719",DUBL,14137.2089440609
"721",DUBL,12136.3177437179
"718",DUBL,15074.7193470289
"727",DUBL,10462.9682615422
"797",UCTY,2459.94932814584
"793",SHAY,5560.68393092041
"791",SHAY,5588.57702680724
"798",UCTY,2708.028201736
"801",UCTY,514.186177798697
"794",SHAY,6363.61961347356
"781",FRMT,3319.66731341967
"783",UCTY,2572.34744906925
"787",UCTY,2612.73696393197
"799",UCTY,2240.2692326488
"788",UCTY,3719.04294397992
"786",UCTY,3292.54057657319
"1094",NCON,8553.10684067513
"1096",NCON,5029.3512710457
"1124",CONC,6703.00202264935
"1126",PHIL,6114.97536254917
"1125",PHIL,6796.17562744473
"1127",PHIL,4129.58754819292
"1121",PHIL,1914.02158295876
"1129",PHIL,1801.65374747803
"1122",CONC,2449.27808966193
"1113",CONC,820.869187668577
"1112",NCON,1317.27097898339
"1110",CONC,1470.44090889405
"1109",CONC,2866.32174156992
"1108",CONC,3865.78445471199
"1107",CONC,2652.21492563168
"1106",CONC,4953.9633759275
"1116",CONC,913.162866628354
"1115",CONC,942.576515282991
"1120",CONC,2311.01530941852
"1117",CONC,2212.48498640274
"1138",CONC,4158.09303673248
"1137",PHIL,2213.34311582883
"1140",PHIL,3322.89460392861
"1141",PHIL,4357.08054244711
"1133",WCRK,1601.46381646663
"1149",WCRK,2476.15112072136
"1144",WCRK,2344.95279038215
"1143",WCRK,2456.88610974997
"1142",WCRK,4005.83819642071
"1173",WDUB,5305.2770209592
"1174",WDUB,4356.65240056529
"1171",WDUB,6432.91939306918
"1163",WCRK,5849.02277848667
"1150",LAFY,1782.54857280391
"1148",WCRK,4754.35476081524
"1159",LAFY,6027.56875802708
"1181",PITT,27620.7530754193
"1180",PITT,23802.1286859729
"1185",PITT,18738.9849604864
"1179",PITT,25437.3985180474
"1178",PITT,21382.7021314623
"1189",PITT,10031.3335703105
"1183",PITT,15597.0369695259
"1191",PITT,11560.1360727058
"1192",PITT,10395.8857946298
"1193",PITT,9941.2290591002
"1184",PITT,16021.8627043032
"1205",PITT,7328.51649829299
"1203",PITT,4564.30666052441
"1199",PITT,5654.26189144891
"1196",PITT,7446.66440627447
"1200",PITT,3528.93384325607
"1209",PITT,2225.92463607588
"1208",PITT,501.341480232945
"1210",PITT,3760.29463323306
"1097",NCON,3286.17126197492
"1092",NCON,10201.6493865432
"1091",LAFY,13888.9467197162
"1072",RICH,3596.34990986546
"1054",DELN,1632.72125724129
"1065",RICH,1737.55698911879
"1056",RICH,1055.19234737195
"1061",RICH,923.921531657584
"1058",DELN,1639.59911755253
"1049",PLZA,1284.61670173972
"1052",DELN,783.558359639208
"1047",DELN,1387.64493527576
"1041",PLZA,129.494184829447
"1042",PLZA,709.854674113646
"1044",PLZA,2112.28118643355
"1412",RICH,28094.4450867828
"1132",LAFY,1280.48731438647
"1152",LAFY,2096.58506840587
"1151",LAFY,3234.09137007046
"1160",LAFY,8472.40604602869
"1158",LAFY,4670.02417193991
"1157",ORIN,5770.4415846462
"1156",ORIN,2374.32555039112
"1155",ORIN,2959.32575715785
"1154",ORIN,2758.82318139102
"1176",DUBL,15626.789401743
"1098",PITT,3634.5113475858
"1195",PITT,13361.2888698961
"1139",PHIL,5458.06646476813
"1100",PITT,7754.68232658524
"1088",DELN,13480.1324296838
"1087",ORIN,8879.31936150794
"1089",DELN,14281.9228953044
"1083",DELN,10170.3157053679
"1082",DELN,8713.7783612185
"1086",DELN,10573.5991143527
"1085",DELN,9442.80390372139
"1411",RICH,27191.9925841627
"1406",RICH,20823.9805522581
"1423",RICH,23155.1063091501
"1167",WDUB,11068.7594633673
"1168",WDUB,8484.64314500342
"1175",WDUB,6718.03405387475
"1161",WCRK,10549.0544990279
"1170",WDUB,10233.0663485307
"1164",WCRK,8607.00602655402
"1165",WCRK,10540.6600830711
"1166",WDUB,13525.3650165769
"1131",LAFY,4393.4112892533
"1153",ORIN,1343.9930600194
"1186",PITT,15135.1589336774
"1103",CONC,6618.95925887792
"1101",PITT,9635.34103868305
"1090",DELN,16222.193424646
"1084",DELN,8698.87066110797
"1078",DELN,5255.47229675252
"1074",DELN,5986.00925984223
"1068",RICH,3249.61424272931
"1070",RICH,4411.90981435099
"1413",RICH,30053.1711001429
"1414",RICH,32484.556340049
"1409",RICH,24349.4632695599
"1410",RICH,24734.4555900137
"1408",RICH,23481.4845571419
"1407",RICH,19574.4677542552
"1424",RICH,17804.7371149496
"1425",RICH,15442.8188725226
"1422",RICH,20556.1437812148
"1421",RICH,18477.0628987422
"1419",RICH,22876.2154082809
"1420",RICH,21590.4410357709
"1417",RICH,25221.4726059699
"1437",RICH,15255.9911871875
"1441",RICH,14997.9551985052
"1439",RICH,12050.2095488173
"1444",CIVC,14890.4787766033
"1449",CIVC,13241.6621367597
"1453",CIVC,16160.4563230094
"1454",CIVC,28219.8624884293
"1416",RICH,45388.7431740015
"1415",RICH,46236.0287633589
"1299",RICH,40167.1635560338
"1300",RICH,39201.2213822309
"1305",RICH,41772.2076079774
"1306",RICH,44238.4139962354
"1302",RICH,39773.1706585241
"1308",RICH,38331.5540313261
"1310",RICH,50899.9811628268
"1314",RICH,63721.9001370351
"1312",NCON,74524.2473032775
"1317",RICH,74327.157209715
"41",EMBR,2047.36725443266
"39",MONT,1869.38470328072
"37",MONT,1218.20380304183
"35",POWL,1442.08769988534
"33",POWL,1546.08442161594
"28",POWL,1027.37745479784
"25",MONT,837.82143313326
"24",EMBR,599.871282496516
"29",POWL,761.049598460786
"6",POWL,616.958289832022
"30",CIVC,780.843303908047
"8",CIVC,467.931052479808
"51",CIVC,3812.71929034821
"44",CIVC,2808.45666072216
"46",CIVC,1866.11378074389
"71",CIVC,3562.09556728542
"48",CIVC,2641.834842186
"75",CIVC,1225.62202708444
"72",CIVC,2383.93728498155
"74",CIVC,1872.21391816959
"1079",DELN,6586.47455395314
"1077",DELN,3228.77142748414
"1076",DELN,2215.88359439422
"1081",RICH,7652.02620569825
"1080",RICH,7036.95784337
"1069",RICH,5688.62706159939
"1071",RICH,3599.1671818504
"1073",RICH,4456.76037200586
"1067",RICH,2293.03192077101
"1066",RICH,2651.9286486801
"1075",DELN,3714.46096103164
"1055",DELN,1965.58153131145
"1064",RICH,1197.75721760725
"1057",RICH,398.024925220611
"1063",RICH,949.293163440796
"1062",RICH,3249.4340002192
"1060",RICH,994.599615772358
"1059",RICH,2746.76582396477
"1050",DELN,1187.50373078188
"1053",DELN,1021.58692692827
"1045",PLZA,2370.60292525383
"1051",DELN,346.012181423938
"1048",PLZA,707.433979701667
"1040",PLZA,558.822552666762
"1046",PLZA,1311.30220347726
"1043",PLZA,1370.93036758091
"1404",RICH,27360.3963560688
"1405",RICH,24742.9636644938
"1418",RICH,28813.0843633179
"1434",RICH,21618.2163481153
"1433",RICH,20142.1516573848
"1432",RICH,18993.1911971608
"1435",RICH,18569.8342231373
"1436",RICH,17633.896373922
"1296",RICH,42098.456858503
"1297",RICH,42509.9997540472
"1298",RICH,41249.4190157589
"1304",RICH,41618.9040644634
"1307",RICH,43383.0482453267
"1303",RICH,41402.9885574141
"1293",RICH,36348.6544388678
"1294",RICH,37724.9594856477
"1292",RICH,29915.7151327865
"1291",NCON,30740.4356101195
"1309",RICH,49365.0236384277
"1311",NCON,47099.1203645806
"1315",RICH,60150.424465383
"1313",RICH,68843.2927234314
"1316",RICH,78486.6070819115
"40",POWL,2488.07407792691
"38",EMBR,1404.36189333114
"36",MONT,1278.51502406131
"34",POWL,1890.04101897786
"32",CIVC,1339.67368899565
"27",MONT,919.122374824946
"26",MONT,613.211910760871
"31",CIVC,1036.45317029399
"7",POWL,432.152725871891
"9",CIVC,337.212977789289
"43",CIVC,3372.81124694813
"50",CIVC,3191.99461727677
"1440",RICH,16240.2939283466
"1438",RICH,13257.5664146781
"1447",MONT,10899.5912924978
"1445",RICH,12709.1145448476
"1446",EMBR,10907.0509220161
"1442",CIVC,18459.4298648986
"1443",CIVC,16620.1298139745
"1452",CIVC,19317.8750306096
"1450",CIVC,14598.7567133458
"1451",CIVC,17202.1451904078
"1448",CIVC,11213.50747965
"1301",RICH,39681.6101667263
"1295",RICH,39672.2584344023
"1431",RICH,17222.0803873779
"1427",RICH,14601.9070501193
"1426",RICH,12099.349466955
"1430",RICH,16568.834146384
"1429",RICH,14984.3643609645
"1428",RICH,13026.3127194085
"185",BALB,4223.59852299416
"69",16TH,2911.69154799317
"77",CIVC,1425.31908927977
"78",CIVC,1302.81696653187
"80",16TH,1486.70358468923
"87",16TH,2654.18948424194
"84",16TH,1681.74787222564
"82",16TH,1128.01049743047
"89",16TH,2505.59492989435
"107",16TH,723.576925212534
"42",EMBR,3778.51376624646
"93",GLEN,2599.54999901802
"103",16TH,1113.17525734608
"101",16TH,620.429445508936
"99",24TH,394.542194945571
"95",24TH,1720.92723300103
"97",24TH,992.552106754854
"129",GLEN,1420.42174699903
"130",GLEN,911.449878724596
"111",24TH,2850.16464420763
"112",16TH,2125.05121044716
"116",16TH,789.943928442893
"117",24TH,682.172633080057
"120",24TH,1073.19163088104
"139",24TH,2399.4445760884
"143",24TH,3109.66678190902
"144",24TH,3577.19362755717
"145",24TH,4145.27597645317
"148",24TH,4211.86514939759
"121",24TH,1332.14361346341
"123",24TH,949.729974194256
"125",24TH,1816.01983527728
"134",GLEN,583.868590838679
"137",GLEN,1147.44302769388
"138",24TH,2616.09222974689
"152",GLEN,2303.73348119766
"160",GLEN,1561.22883438941
"165",BALB,496.627981063519
"164",BALB,1320.08090177184
"163",BALB,1424.30991388159
"153",GLEN,3267.49786715663
"156",GLEN,3067.55390449418
"91",GLEN,3448.61143232192
"175",GLEN,4430.7684201945
"173",BALB,3940.22397651303
"172",BALB,3275.02926378762
"171",BALB,2544.8935572038
"170",BALB,2600.14402361323
"169",BALB,1944.66743523673
"133",BALB,807.922220589775
"168",DALY,1074.9680589532
"167",BALB,1170.73736516229
"184",DALY,5094.04107355216
"186",DALY,3823.09223915404
"179",DALY,6284.86156399599
"180",DALY,6930.80234546005
"182",DALY,5099.65924831454
"45",CIVC,2453.35858542778
"49",CIVC,2702.63957618325
"47",CIVC,2079.43992907292
"73",CIVC,1728.27946075459
"70",16TH,3492.80766004651
"68",16TH,3534.88641355527
"86",16TH,2302.51118636261
"76",CIVC,829.234763955846
"79",CIVC,834.91125491893
"85",16TH,1871.86138495422
"88",16TH,2500.13696694106
"81",16TH,1032.05201523987
"83",16TH,1735.18552221584
"106",16TH,397.600383499508
"105",16TH,450.215015606892
"104",16TH,843.138217957807
"94",16TH,1654.70164202418
"102",16TH,737.735368705768
"100",24TH,50.0898306608789
"98",24TH,1008.0169095595
"96",GLEN,1844.63579861295
"128",24TH,1078.61708405999
"127",GLEN,718.112300683231
"114",16TH,1643.18680366194
"113",24TH,1907.38995898465
"115",24TH,1305.95013038554
"118",24TH,409.533557340829
"119",24TH,714.09908641314
"141",24TH,2910.96377307185
"140",24TH,2952.99651931775
"147",24TH,3918.44193709153
"150",24TH,3503.00960990713
"122",24TH,1015.70992278653
"124",GLEN,1293.14876656377
"126",GLEN,1151.07078106128
"151",GLEN,3097.55576868635
"135",GLEN,1069.72168669934
"136",GLEN,1032.34236643788
"161",BALB,1146.47084385159
"162",BALB,1155.9620852458
"159",BALB,1863.53458180658
"155",GLEN,2965.19493147247
"154",GLEN,3411.32677700312
"90",16TH,3529.19853549618
"176",BALB,5078.79713716722
"174",BALB,4317.56705051294
"92",GLEN,2631.22602418331
"131",BALB,1719.64625226037
"132",BALB,1110.28869896908
"166",BALB,684.708063916719
"177",BALB,5229.0876361816
"178",BALB,5717.30573800784
"198",COLM,2015.33292912662
"199",COLM,1833.84018451078
"214",SSAN,1010.4141685665
"210",SBRN,2804.03022115905
"213",SBRN,1882.55741220299
"231",SSAN,2767.93154513865
"221",COLM,3200.56813087082
"226",SBRN,8809.10517888962
"228",SSAN,4690.79534369287
"233",SBRN,2614.38311040294
"235",SBRN,1633.72131518994
"238",SBRN,1472.63804412444
"142",24TH,2556.4031361209
"208",SSAN,3877.52958329812
"206",BALB,2616.34633909294
"205",BALB,1861.63707598484
"202",DALY,1494.62706647347
"204",DALY,487.666637926839
"191",DALY,1654.60401787561
"195",COLM,2170.14226690269
"193",COLM,1409.96248915414
"194",COLM,1172.96660197653
"197",COLM,2045.2794992571
"200",SSAN,1622.36778874969
"218",SSAN,1703.36957897739
"219",SSAN,2352.85234435225
"217",SSAN,1035.7844922073
"209",SSAN,2091.43199031009
"211",SBRN,2051.07172359146
"212",SBRN,1995.99989846465
"230",SSAN,2428.29402963634
"220",SSAN,3237.06549308531
"222",COLM,4194.0563155785
"223",SSAN,4730.69017873422
"224",SSAN,6349.62294264744
"225",SSAN,9977.61794125223
"227",SBRN,6290.72151386647
"229",SSAN,4111.62926735039
"232",SSAN,3538.03927814551
"236",SBRN,2608.50057915239
"237",SBRN,1625.71834607546
"234",SBRN,987.782721058563
"239",SFIA,992.976473698475
"240",MLBR,672.736596013811
"241",SFIA,1894.70447757411
"242",SFIA,2850.43644305965
"243",MLBR,1869.34123184778
"245",MLBR,1516.6582874127
"246",MLBR,2143.51002713901
"247",MLBR,2006.89656712398
"250",MLBR,2900.41776305003
"251",MLBR,4219.69765378898
"244",MLBR,989.847972196383
"248",MLBR,1487.72552778597
"249",MLBR,3891.45971558471
"253",MLBR,5056.20978481108
"258",MLBR,5520.5946758926
"260",MLBR,6416.67231515445
"256",MLBR,6855.65799478375
"280",MLBR,8037.68402143014
"187",DALY,3272.29426881423
"188",DALY,2395.03602164114
"189",DALY,1519.0803729894
"181",DALY,6333.96587504021
"183",DALY,4744.88835377447
"66",16TH,4323.76973896433
"62",16TH,5525.34023658241
"57",16TH,6370.37045473197
"64",16TH,4449.54540257776
"60",BALB,6642.73028509752
"54",DALY,8451.70309963312
"52",CIVC,5054.39655841789
"53",BALB,6008.87378940549
"190",DALY,5496.59797166071
"157",GLEN,2735.79211376615
"146",24TH,5443.75815927886
"65",16TH,4792.02566248256
"58",16TH,6320.00426841609
"67",16TH,3908.45150270842
"63",16TH,5079.51175661138
"61",16TH,5852.94629793905
"59",BALB,7298.70613099694
"55",BALB,8062.85066487271
"56",BALB,8422.15338358616
"158",GLEN,2152.05553883509
"149",24TH,4982.79119709645
"207",GLEN,3546.95289839308
"203",DALY,1009.14035662409
"192",DALY,1195.04352216842
"196",COLM,2413.52088471244
"201",COLM,343.177520065319
"547",FRMT,23277.2389442584
"542",FRMT,24577.6887600076
"558",FRMT,26180.1600469703
"556",FRMT,26315.580599512
"550",FRMT,24927.3502106418
"554",FRMT,25870.7499866591
"552",FRMT,26078.6929709556
"555",FRMT,26819.4260088337
"282",MLBR,8614.16326670404
"291",MLBR,8970.0540982526
"290",MLBR,10044.9684592649
"285",MLBR,10811.0396196876
"283",MLBR,9794.36111020757
"278",MLBR,9647.78501181319
"262",MLBR,7994.15844616036
"264",MLBR,9157.37006193002
"265",MLBR,9848.5121356937
"270",MLBR,12609.4942851202
"271",MLBR,11869.6689041762
"266",MLBR,10677.0603896081
"272",MLBR,12033.7064699042
"267",MLBR,11798.9705723745
"274",MLBR,10772.1500979692
"276",MLBR,11834.4550907118
"275",MLBR,12750.4206790737
"289",MLBR,11402.9668642828
"288",MLBR,12512.3000237139
"287",MLBR,13317.1599236846
"309",MLBR,15434.0390988714
"308",MLBR,15982.1540551661
"307",MLBR,14237.88741495
"306",MLBR,14744.9403415383
"304",MLBR,16120.22243761
"302",MLBR,17946.5002862135
"319",MLBR,18220.0359542722
"317",MLBR,18262.8614285415
"314",MLBR,19990.7830075491
"315",MLBR,18613.1864800492
"313",SHAY,19204.2832377492
"311",MLBR,13951.6080800903
"330",SHAY,20652.1432620101
"329",SHAY,21578.0567589727
"328",SHAY,21681.7233781315
"252",MLBR,4161.03106541382
"254",MLBR,6688.07087748881
"259",MLBR,5338.71539378418
"261",MLBR,6429.9207952161
"257",MLBR,7035.3141245669
"255",MLBR,7096.20363041536
"292",MLBR,9567.12794719964
"284",MLBR,10756.7484716673
"281",MLBR,8983.34929782065
"279",MLBR,8428.45218870065
"263",MLBR,8333.00424328578
"273",MLBR,12906.4287772965
"268",MLBR,11813.9151434882
"269",MLBR,12912.9705907446
"277",MLBR,11022.6163804114
"286",MLBR,12272.3585244039
"310",MLBR,15278.4902796039
"318",MLBR,17109.9917426008
"305",MLBR,15740.9473140028
"303",MLBR,18547.0478947594
"316",MLBR,17799.2399519294
"326",MLBR,19716.2800208049
"312",MLBR,14661.4573103024
"327",MLBR,21227.9201615569
"324",MLBR,20292.6943166086
"325",MLBR,19437.7506391562
"321",MLBR,20853.6988706285
"338",UCTY,18690.3756578701
"332",UCTY,15976.179087452
"334",UCTY,17762.1873363272
"337",UCTY,19175.9953581393
"341",UCTY,21413.1638614799
"294",MLBR,11290.8911765154
"297",MLBR,36483.8284218211
"336",UCTY,19113.6942455329
"340",UCTY,20632.5631973252
"343",UCTY,22260.5086357193
"344",UCTY,23101.6448109058
"345",UCTY,24119.5931410581
"346",UCTY,25131.1654754802
"298",MLBR,29178.9687728145
"300",MLBR,21536.690925368
"533",FRMT,27816.1797942948
"531",FRMT,29205.6253764438
"529",FRMT,30163.8509943347
"521",FRMT,31981.3348150707
"522",FRMT,32042.0758011146
"685",FRMT,34998.3537731702
"686",FRMT,34306.349243197
"681",FRMT,32110.9486156669
"579",FRMT,27645.7395061545
"564",FRMT,31712.4079580614
"561",FRMT,27691.8288136232
"562",FRMT,28096.783984249
"568",FRMT,32139.2523867248
"572",FRMT,32591.7493369356
"574",FRMT,30941.6113147587
"569",FRMT,32692.8310859558
"582",FRMT,30412.0085625961
"647",FRMT,30682.9799691111
"654",FRMT,36826.8067400354
"645",FRMT,29700.7771850864
"585",FRMT,27644.7403798321
"581",FRMT,28558.0117477594
"586",FRMT,27599.0390033631
"587",FRMT,27247.5940011963
"641",FRMT,27836.6563289205
"640",FRMT,27806.4960085367
"591",FRMT,25555.3056669402
"594",FRMT,24638.2257279603
"597",FRMT,23658.776897536
"632",FRMT,23252.255654985
"589",FRMT,25748.3625622868
"627",FRMT,21489.1142412628
"601",FRMT,21547.9932910477
"626",FRMT,20336.5327026339
"624",FRMT,19512.432428045
"560",FRMT,27158.6387340436
"559",FRMT,27633.8803771406
"537",FRMT,27143.4323576041
"536",FRMT,26874.2779941535
"534",FRMT,28140.6825444433
"532",FRMT,28473.6712085082
"528",FRMT,28812.9463725413
"527",FRMT,28991.8841442432
"526",FRMT,30241.0195965016
"530",FRMT,30411.2275804652
"519",FRMT,33347.108453106
"299",MLBR,22377.1338398806
"295",MLBR,7641.8317883632
"293",SBRN,12720.7791540486
"296",MLBR,16862.134502505
"546",FRMT,24017.2189452137
"541",FRMT,25602.3464198384
"540",FRMT,25451.3945940873
"557",FRMT,25973.8028069884
"549",FRMT,25175.1307801249
"548",FRMT,24182.673123902
"551",FRMT,24960.5099013754
"553",FRMT,26291.0996551943
"535",FRMT,26361.5684279471
"323",MLBR,20718.7011110504
"320",MLBR,20140.4794114861
"301",MLBR,19766.858096871
"322",MLBR,21730.7655371049
"342",MLBR,22910.4376646802
"339",UCTY,20164.5040528995
"331",UCTY,16644.3535165741
"333",UCTY,17149.9434691276
"335",UCTY,18398.59027191
"648",FRMT,31905.361397088
"652",FRMT,32243.7255091221
"655",FRMT,35528.8137284433
"588",FRMT,27118.7826418432
"638",FRMT,26816.6623226299
"639",FRMT,26891.2351188799
"593",FRMT,24145.7754653797
"592",FRMT,26029.7935056378
"590",FRMT,26376.6180205924
"595",FRMT,24492.6593210944
"596",FRMT,23461.6505890232
"630",FRMT,22881.6649667071
"631",FRMT,22290.3749334948
"633",FRMT,24290.5290737553
"634",FRMT,25688.6637461615
"635",FRMT,24993.2243586464
"636",FRMT,25754.8356494099
"629",FRMT,23575.8669965951
"637",FRMT,25870.8316467572
"628",FRMT,21241.4950535579
"605",FRMT,19533.745014547
"623",FRMT,19410.7075662378
"599",FRMT,21074.432033823
"600",FRMT,21297.3121837306
"621",FRMT,18540.0177002108
"616",FRMT,15538.5964117663
"619",FRMT,17379.3731614233
"614",FRMT,13519.9673303013
"612",FRMT,13012.6280228491
"402",FRMT,16936.4494268233
"421",FRMT,17298.0422212032
"414",FRMT,19274.6403077108
"443",FRMT,21075.4599864745
"437",FRMT,22117.6058098167
"444",FRMT,22063.1400965781
"439",FRMT,23469.5692641006
"436",FRMT,23386.9785005607
"466",FRMT,25222.7857304005
"461",FRMT,24795.0029364556
"462",FRMT,25608.4468600403
"477",FRMT,27062.2891955482
"520",FRMT,33800.1436489773
"523",FRMT,31979.1572733805
"524",FRMT,31650.8179067378
"683",FRMT,33371.4674376563
"684",FRMT,33625.9593367147
"687",FRMT,34944.5793413801
"525",FRMT,31245.4677857519
"682",FRMT,33160.8315447314
"563",FRMT,29305.4995182739
"578",FRMT,28427.7372719946
"580",FRMT,27246.6632132286
"577",FRMT,28711.8608176466
